Grade,Surface,Defect Type,Defect,Min Width,Max Width,Min Length,Max Length,Min Contrast,Min Area Pixel,uid
A,A,damaged,crack,,,,,,,8d5da281-33c0-434c-a560-76d3afabe429
A,A,damaged,missingpart,,,,,,,5a5dccb3-9278-425b-82c8-f6afffe9cf9d
A,A,level 1,dent,,0.8,,0.8,,,8a2e7e02-4e23-4c8a-b56b-98f539075870
A,A,level 1,nick,,0.8,,0.8,,,eb84f749-01ba-4094-9953-5868e8e9fed0
A,A,level 1,pindot,,,,0.8,,,c101fd73-dca7-419c-9e9a-40b1cd5f2ac1
A,A,level 1,scratch,,0.1,,5,,,ad4adfab-0fbe-4304-9bd2-5593f9079962
A,A,level 2,dent,,1,,1,,,bde9ac57-8830-4037-924b-5064cf9b304e
A,A,level 2,nick,,1,,1,,,73426f86-6b8b-412d-bbb4-43675077ea80
A,A,level 2,pindot,,,,1,,,21ded0bd-9fcc-4aff-b9ca-50b2abf0210c
A,A,level 2,scratch,,0.2,,10,,,e1dba258-831d-44ca-a9b8-d04a3d2c54b4
A,A,deep scratch,dent,0.36,,,,18,250,55bf03dd-ea53-4d65-9af8-2536a904965e
A,A,deep scratch,nick,0.36,,,,18,250,3ee0c064-1170-40ff-a538-0995ad077287
A,A,deep scratch,scratch,0.0375,,1.6,,17,500,6a0ada2b-19ab-4590-b97e-2fa67a51e3e9
A,A,discoloration,discoloration,,,,,,,ce1946de-17fe-4236-a6b8-76e651268df3
A,A,light scratch,dent,,,,,,,9c9e24c1-f830-440e-8043-1131babc0dd9
A,A,light scratch,nick,,,,,,,5cd57816-2648-4ba6-a72a-2d78666e4839
A,A,light scratch,pindot,,,,,,,12bfbfb7-d5ab-437a-bffc-015084109ccb
A,A,light scratch,scratch,,,,,,,95115467-1b10-4897-a661-0810b406b530
A,A,light scratch,grouppindot,,,,,,,af021fb6-7812-4c2d-acde-611dc5881c58
A,B,damaged,crack,,,,,,,e56bd8b2-0e58-4fce-af3c-5d34a81545b3
A,B,damaged,missingpart,,,,,,,ce9bfa64-ae03-4b3f-850e-cdc5b217a4bd
A,B,level 1,dent,,0.8,,0.8,,,59be021b-983c-4e39-bbc6-9a78f7753003
A,B,level 1,nick,,0.8,,0.8,,,81008327-5133-46c8-90b2-ac4cfcb3fd3d
A,B,level 1,pindot,,,,0.8,,,bd88f8ac-47dc-4763-a43f-6789baedeefa
A,B,level 1,scratch,,0.1,,5,,,206d3e0b-a157-4a15-ae3d-80e10b870eef
A,B,level 2,dent,,1,,1,,,8c23a8c0-8efe-4099-b1ad-07afccf691ee
A,B,level 2,nick,,1,,1,,,ee5e2020-4e3d-4708-af12-b6a74f182960
A,B,level 2,pindot,,,,1,,,52f23da7-555c-48cc-99da-43da7f8b3ed5
A,B,level 2,scratch,,0.2,,10,,,ade4b685-fb11-4d21-914d-5ba796b5023f
A,B,deep scratch,dent,0.36,,,,18,250,165f3ed6-f1d7-453e-b28b-308c4d50362f
A,B,deep scratch,nick,0.36,,,,18,250,7bdba99c-6674-4959-aa0d-9c8fae16d46d
A,B,deep scratch,scratch,0.0375,,1.6,,17,500,13232233-557b-46e4-90a5-a79f17c973b3
A,B,discoloration,discoloration,,,,,,,68286433-a154-49c8-a7cb-43995d564e1f
A,B,light scratch,dent,,,,,,,2d344e0b-c632-4b09-b09f-7e54da9cfced
A,B,light scratch,nick,,,,,,,fa87ff13-a1ff-476e-a223-23a594b834ca
A,B,light scratch,pindot,,,,,,,b951c68b-70d8-4f2c-ba73-9acfed7c4844
A,B,light scratch,scratch,,,,,,,776124d1-8e2f-4002-80fb-c4891e1220a4
A,B,light scratch,grouppindot,,,,,,,e3fac1ee-e28b-4d1a-8fbc-f8379b4a56e0
A,AA,damaged,crack,,,,,,,65fe15c2-c2ec-418f-931b-3c174620a044
A,AA,damaged,missingpart,,,,,,,0f1a1e96-7e89-458a-8bd6-d0ac41a69c68
A,AA,level 1,dent,,0.8,,0.8,,,6bf485ff-7b96-4fbd-9d6d-7541b3ba8baa
A,AA,level 1,nick,,0.8,,0.8,,,7afe521d-8d63-4dea-aaf9-2c8f4c67bec9
A,AA,level 1,pindot,,,,0.8,,,520064b1-7ea4-4eaf-b272-6171bc0332d4
A,AA,level 1,scratch,,0.1,,5,,,115badaf-bb6a-4e58-aa02-f798f8f179a8
A,AA,level 2,dent,,1,,1,,,4097f5ce-f09f-43a6-8e11-5b4a58e14804
A,AA,level 2,nick,,1,,1,,,4d79ef38-e71c-4421-80ba-fab902ebcdab
A,AA,level 2,pindot,,,,1,,,0e5e7af4-c5e6-4b4e-b2e5-bfa2d257ac78
A,AA,level 2,scratch,,0.2,,10,,,674988e4-aa2f-446f-a0bf-4dcc34a1e6d9
A,AA,deep scratch,dent,0.36,,,,18,250,1249de5a-e597-498e-ae79-dd1290f76cf9
A,AA,deep scratch,nick,0.36,,,,18,250,3e2ee47c-6067-47e1-ab78-f710e6c12a1b
A,AA,deep scratch,scratch,0.0375,,1.6,,17,500,4e214f6d-b025-4872-95b8-07e09948e6d3
A,AA,discoloration,discoloration,,,,,,,64022bc9-459b-40bf-ae04-9fb84da80a2e
A,AA,light scratch,dent,,,,,,,150ac064-f313-45d2-a57d-a9470a93f406
A,AA,light scratch,nick,,,,,,,8bd262ae-f645-487b-af47-fc0bc274af2c
A,AA,light scratch,pindot,,,,,,,720e6e8c-909d-4e20-88c2-790d42b80847
A,AA,light scratch,scratch,,,,,,,173b8494-bfce-4434-8117-8d582372910e
A,AA,light scratch,grouppindot,,,,,,,1b443e09-1531-455c-8d69-1cd711e9d86d
B,A,damaged,crack,,,,,,,8e376b8e-2aff-4944-987a-18a567ad621e
B,A,damaged,missingpart,,,,,,,6a18f5fb-96dc-4026-9e74-ecfb479e82ac
B,A,level 1,dent,,0.8,,0.8,,,c8596de3-7dba-4bab-ab24-161a96cb7726
B,A,level 1,nick,,0.8,,0.8,,,4c826659-e555-437e-9b97-c60a61c9ae09
B,A,level 1,pindot,,,,0.8,,,d59a412a-a217-4024-bce7-ecabdd9b3c84
B,A,level 1,scratch,,0.1,,5,,,75727f9d-dbe4-42b3-8f3e-cf9170530ca8
B,A,level 2,dent,,1,,1,,,ff913284-b0c8-4fef-9986-27f91ff22fa9
B,A,level 2,nick,,1,,1,,,d880c18b-62cc-4c37-9154-3bf09bb25f31
B,A,level 2,pindot,,,,1,,,efe6a670-5996-4264-8426-60f822673469
B,A,level 2,scratch,,0.2,,10,,,f3c977c7-61af-497f-a83b-453ef392d91a
B,A,deep scratch,dent,0.36,,,,18,250,fc823545-b615-420c-85e3-31520f5a6656
B,A,deep scratch,nick,0.36,,,,18,250,4ea84893-6fd8-4975-8d22-936560809c5d
B,A,deep scratch,scratch,0.0375,,1.6,,17,500,9a139ef1-2a78-46ae-830b-bdc416d5cf10
B,A,discoloration,discoloration,,,,,,,86ded795-360e-4cd7-aa9f-56af08cbe60e
B,A,light scratch,dent,,,,,,,619c7c62-d00c-4925-86a1-d260e507228c
B,A,light scratch,nick,,,,,,,d145a93a-fb4d-4d1b-b073-f21dc090f6ab
B,A,light scratch,pindot,,,,,,,49509756-f59f-4040-8cb3-3922fe8dc725
B,A,light scratch,scratch,,,,,,,812e0bc5-1f64-4b83-a56c-d386f44f8622
B,A,light scratch,grouppindot,,,,,,,90479f41-71a8-4010-ba9a-048b86d1cbab
B,B,damaged,crack,,,,,,,ce32bd03-bd73-40aa-b33e-9d5fea78e423
B,B,damaged,missingpart,,,,,,,140c167d-75d2-4932-ae9e-c56140c8e2a6
B,B,level 1,dent,,0.8,,0.8,,,ed07c5da-b2d7-4251-ad80-57a95b5097d7
B,B,level 1,nick,,0.8,,0.8,,,f2ad5fd9-d18b-49b0-9550-33ab534d9f48
B,B,level 1,pindot,,,,0.8,,,021e78e8-fbda-49df-b8ad-15e067e0f6df
B,B,level 1,scratch,,0.1,,5,,,fb699621-58c7-4aa1-b83d-318a9036358f
B,B,level 2,dent,,1,,1,,,63a8342b-75b9-4c4d-b6c0-513914b18985
B,B,level 2,nick,,1,,1,,,b81f8466-209e-4e20-87e3-2e627c538946
B,B,level 2,pindot,,,,1,,,0d5765f1-db00-43d0-91e2-89c1dedb7b2b
B,B,level 2,scratch,,0.2,,10,,,7c55c873-9fd4-46d0-a106-6178e46de1af
B,B,deep scratch,dent,0.36,,,,18,250,c3f06a78-cb2d-4ce8-995e-53296ca0404b
B,B,deep scratch,nick,0.36,,,,18,250,1343bddc-2db1-4bdb-b724-fc2e891c5250
B,B,deep scratch,scratch,0.0375,,1.6,,17,500,38cb0dda-a905-4f4b-96f6-2a692c7759ec
B,B,discoloration,discoloration,,,,,,,8814e178-f4de-4301-9426-23f19be72586
B,B,light scratch,dent,,,,,,,a98d8786-2485-48a0-bfa2-680c9c14095b
B,B,light scratch,nick,,,,,,,927745fe-b92c-4d2e-90a2-4f0ab05beb47
B,B,light scratch,pindot,,,,,,,071c098d-e7fe-46ac-81e3-e274c2c6a1a3
B,B,light scratch,scratch,,,,,,,2bb31592-678c-4476-b470-3fc2d6eb8b01
B,B,light scratch,grouppindot,,,,,,,0ed0207a-e67e-4491-9dd9-fd28bb912f36
B,AA,damaged,crack,,,,,,,54b90bb1-ab18-4cc6-86a4-b62bfb31c3b6
B,AA,damaged,missingpart,,,,,,,f4a47bad-feeb-47bf-8a2b-b517d8e82dc3
B,AA,level 1,dent,,0.8,,0.8,,,56360d35-14c5-4ade-9b1d-4c7b2e8dec3b
B,AA,level 1,nick,,0.8,,0.8,,,b993b629-9052-4f74-8caf-350dfb83bcd1
B,AA,level 1,pindot,,,,0.8,,,00d3067a-b80f-4afd-b182-a189762bd34d
B,AA,level 1,scratch,,0.1,,5,,,ffb494e0-cc8e-4038-b2a7-aaa718cc9467
B,AA,level 2,dent,,1,,1,,,4a03664d-8020-438e-b78b-ca496a2557ff
B,AA,level 2,nick,,1,,1,,,c58bea67-09c8-4c44-bb4e-be91f7873260
B,AA,level 2,pindot,,,,1,,,4e9a3bc4-3de0-46eb-afae-28f9de57a081
B,AA,level 2,scratch,,0.2,,10,,,f572ac58-c3e2-4540-98ae-309825f70313
B,AA,deep scratch,dent,0.36,,,,18,250,1d461b4b-cec0-48ed-9245-f8c6af210e87
B,AA,deep scratch,nick,0.36,,,,18,250,2a51bd05-e275-4830-9797-dab5c6b84b0d
B,AA,deep scratch,scratch,0.0375,,1.6,,17,500,35b018c1-c76e-4b35-8384-b06ed1860f32
B,AA,discoloration,discoloration,,,,,,,dd80b38d-d42f-47d4-97cd-9a45b18a613b
B,AA,light scratch,dent,,,,,,,5ddde3eb-116a-4592-a5e2-007f28a3eda6
B,AA,light scratch,nick,,,,,,,4ca67ade-8b6b-44d6-a609-38dd37425d9b
B,AA,light scratch,pindot,,,,,,,1124b490-c979-4e84-a431-23f069f87b16
B,AA,light scratch,scratch,,,,,,,e093d8c9-f678-4b9b-906a-6351d6f0f7af
B,AA,light scratch,grouppindot,,,,,,,311578b7-d2d8-430e-bacd-312388cfbcae
C,A,damaged,crack,,,,,,,4dbac92c-9b41-4f47-82cf-6c2155e2a126
C,A,damaged,missingpart,,,,,,,039b5443-8248-4347-9e1d-ef2ae66e50f1
C,A,level 1,dent,,0.8,,0.8,,,92dcb150-5811-422d-b51e-fc894c200f54
C,A,level 1,nick,,0.8,,0.8,,,4464a257-11ba-4c7d-a012-f0a88ae5e79b
C,A,level 1,pindot,,,,0.8,,,31dfd83d-8e32-474c-a841-ce59384a73cf
C,A,level 1,scratch,,0.1,,5,,,29a72482-ed00-45cb-b0a3-2108c92038f2
C,A,level 2,dent,,1,,1,,,501f5e78-5b1d-4f42-8bb6-ee024478078d
C,A,level 2,nick,,1,,1,,,f6938a10-92be-4877-aaae-8322cca5dda1
C,A,level 2,pindot,,,,1,,,3cac908b-f57f-4848-b95d-9d1761d5322a
C,A,level 2,scratch,,0.2,,10,,,a622841f-c6d1-431a-bcfd-8f0e79fab1af
C,A,deep scratch,dent,0.36,,,,18,250,248ec6c7-a567-45fe-85f0-4373202a75a1
C,A,deep scratch,nick,0.36,,,,18,250,b982a883-ecc2-4f3b-bcdc-120ae2060542
C,A,deep scratch,scratch,0.0375,,1.6,,17,500,2c2fee13-736b-45a5-979e-d30a482cd452
C,A,discoloration,discoloration,,,,,,,de0ab96a-6ee8-405f-a0ae-c8833099ef5f
C,A,light scratch,dent,,,,,,,b9142351-12c9-42b7-b2fb-7ba98e6a1d0d
C,A,light scratch,nick,,,,,,,a7b5315d-c190-4ded-a889-73c5bfac5c4d
C,A,light scratch,pindot,,,,,,,1cb5de02-9c48-4f71-baf9-1f99653437b8
C,A,light scratch,scratch,,,,,,,bbac60a1-92b7-4578-84d4-96bf4847ff95
C,A,light scratch,grouppindot,,,,,,,dfc0f5e5-88a4-4d8a-9cb4-8e98b568dfde
C,B,damaged,crack,,,,,,,8ca30ddb-89fd-4fec-9c0d-179df1b7d064
C,B,damaged,missingpart,,,,,,,183e08bc-90df-4a5c-9d60-cd954155a556
C,B,level 1,dent,,0.8,,0.8,,,d24e253f-0347-43a3-87f8-0e7f237120b0
C,B,level 1,nick,,0.8,,0.8,,,16916e75-06fa-44c9-9d48-a7db96b3b71f
C,B,level 1,pindot,,,,0.8,,,30a1d403-2201-4d15-86e4-e45eaec339aa
C,B,level 1,scratch,,0.1,,5,,,6110eb45-f12d-438c-a854-9ac65652bdbd
C,B,level 2,dent,,1,,1,,,9c9f637f-302a-4770-93cb-8e12d9b16d4a
C,B,level 2,nick,,1,,1,,,fd38bf64-50c8-483e-888d-a13cfbd3f33e
C,B,level 2,pindot,,,,1,,,8afa9c84-499b-4848-a308-6134a5cd76f0
C,B,level 2,scratch,,0.2,,10,,,25656e56-af09-42d1-9d2f-28bbdad0e96f
C,B,deep scratch,dent,0.36,,,,18,250,95c0e293-a21e-4f52-a679-3c3cf42c60bb
C,B,deep scratch,nick,0.36,,,,18,250,2376bf3c-dfad-42cf-8f47-80192b1bed3f
C,B,deep scratch,scratch,0.0375,,1.6,,17,500,f05612bf-538d-4856-822f-02b82c93c256
C,B,discoloration,discoloration,,,,,,,820db853-2a5c-464c-8387-1f38a86244fa
C,B,light scratch,dent,,,,,,,3960fc37-2319-4e13-b4c5-25e5ec2cac8f
C,B,light scratch,nick,,,,,,,0c80ba49-bcee-418b-92c9-59d50d6c4030
C,B,light scratch,pindot,,,,,,,8e3ab4b7-c0fd-4346-bba1-241262d36f34
C,B,light scratch,scratch,,,,,,,c59b6372-555e-4e28-8592-5b41faf27392
C,B,light scratch,grouppindot,,,,,,,c47e9512-6f5a-42d8-940a-ea13681879fc
C,AA,damaged,crack,,,,,,,981980f1-3479-4dbc-96e5-c2d7b206e0d5
C,AA,damaged,missingpart,,,,,,,41912265-9b2b-4945-889f-215ce8685411
C,AA,level 1,dent,,0.8,,0.8,,,121906b4-a2f7-405c-918d-1a663803fa56
C,AA,level 1,nick,,0.8,,0.8,,,eef88dec-2f88-4cc5-b303-839b33396a2f
C,AA,level 1,pindot,,,,0.8,,,c5da4812-f27c-4aeb-8db2-56f36b5ec618
C,AA,level 1,scratch,,0.1,,5,,,a5a098ed-98ad-4c3b-b812-e231e8055e82
C,AA,level 2,dent,,1,,1,,,5f860585-a935-413a-bab2-11e725b4ed91
C,AA,level 2,nick,,1,,1,,,6da8feef-c918-4158-ac85-1e00d550e72f
C,AA,level 2,pindot,,,,1,,,9113148c-49b7-446f-95ca-43adda8a06b1
C,AA,level 2,scratch,,0.2,,10,,,ddcb434a-6148-43ab-8fdb-423b0c8fd2c9
C,AA,deep scratch,dent,0.36,,,,18,250,f0f8bc3e-9f5d-4264-8551-7cded254661c
C,AA,deep scratch,nick,0.36,,,,18,250,d8aaaaee-894b-4439-aecd-de61a7ac7c3b
C,AA,deep scratch,scratch,0.0375,,1.6,,17,500,b8b051e4-b86f-4298-a272-3e97baff6a78
C,AA,discoloration,discoloration,,,,,,,7d249f6a-16a9-488d-aced-f2819b3ef0d4
C,AA,light scratch,dent,,,,,,,1e86bbd6-e202-406f-88fe-0cc93696ef52
C,AA,light scratch,nick,,,,,,,f6f3f375-aa64-4846-9da9-fe1fa6f005a3
C,AA,light scratch,pindot,,,,,,,57a55c09-6b2a-4971-b267-5450faaa1ee9
C,AA,light scratch,scratch,,,,,,,809801b8-16c5-4a85-9e54-107b320bda20
C,AA,light scratch,grouppindot,,,,,,,aaa21f53-2756-4269-bb48-ddb69d85f3ff
BP,A,major,dent,0.8,,1,,16,800,b6c358f0-3d01-4552-b2af-7c580ef7ac5b
BP,A,major,nick,0.8,,1,,16,800,76240d15-da73-44a7-831b-d7d9d9e05794
BP,A,major,scratch,0.3,,1,,99,600,7dcd1122-228c-43c0-9354-e251deb55b92
BP,A,minor,dent,,,,,,,ad197172-67dc-446c-b371-50e4f1582014
BP,A,minor,nick,,,,,,,14fd5db3-46c9-4efb-8362-28515e8acd43
BP,A,minor,pindot,,,,,,,f2ca48ec-bd28-4361-9928-6423697fd1ce
BP,A,minor,scratch,,,,,,,3cbdf425-59a1-4648-bcbc-dc8904cde912
BP,A,minor,grouppindot,,,,,,,d91c1de1-3a0c-4ec3-acfc-508434da93af
BP,A,minor,discoloration,,,,,,,56492fa7-d258-4c4c-9a99-a02b893460ed
BP,A,minor,differentscreen,,,,,,,06c12b47-a431-494d-abff-3287f8bef932
BP,A,damaged,crack,,,,,,,41e7d0f5-ad38-439c-9eb4-6d3d93dfaa59
BP,A,damaged,missingpart,,,,,,,3cc28284-1c96-4f0f-a74b-1dae868da6cf
BP,A,deep scratch,dent,0.0375,,2,,18,600,941db4a2-6f63-413f-9189-c007bbc4dc01
BP,A,deep scratch,nick,0.0375,,2,,18,600,f09147da-07ef-4469-866a-5a7753b7512e
BP,A,deep scratch,scratch,0.0375,,2,,18,600,ae089eaf-e5a1-4957-b0d7-86e4fe1306cd
BP,B,major,dent,0.8,,1,,16,800,6d1d2360-d6ef-4868-ab89-f80530bc248e
BP,B,major,nick,0.8,,1,,16,800,55cd70a5-1913-460d-a680-b4b9409f70f4
BP,B,major,scratch,0.8,,1,,16,800,1d0347bc-d9e1-4d86-8577-93f2a8f9ff41
BP,B,minor,dent,,,,,,,312500fc-f727-4db1-9620-8c8895a8b309
BP,B,minor,nick,,,,,,,5ce09dfc-4485-4643-8213-f2b5f782d7aa
BP,B,minor,pindot,,,,,,,bf973d45-736d-40a6-b0ad-7c850bc54d87
BP,B,minor,scratch,,,,,,,90eb644a-6174-4876-81c8-ed3380149688
BP,B,minor,grouppindot,,,,,,,27faa9ed-bb3a-4e56-9e15-8d5ced493605
BP,B,minor,differentscreen,,,,,,,774f2c2e-9692-4fcd-ab25-091e673b99c4
BP,B,damaged,crack,,,,,,,8d3eac8a-34ad-4794-b140-2e22ffd831ac
BP,B,damaged,missingpart,,,,,,,93992432-4c89-4647-a527-014daacb3a63
BP,B,deep scratch,dent,0.0375,,2,,22,600,07f3884f-d920-42d3-a347-1cc66fe0c513
BP,B,deep scratch,nick,0.0375,,2,,22,600,f8df59d8-fce3-4445-9ef5-1915030d53b8
BP,B,deep scratch,scratch,0.0375,,2,,22,600,944dc6d3-6a8e-4213-a5e3-2b8e828dacd3
BP,B,discoloration,discoloration,,,,,,,8d0851c6-b39b-4488-832c-411ccf14e942
BP,C,major,dent,,1,,20,,,cba71d09-c1a4-4f25-85d1-9b6d82b71b5a
BP,C,major,nick,,1,,20,,,a9329b1a-a656-462c-9f91-5f831bb477e7
BP,C,major,pindot,,,,,,,bd18380c-e4fe-40c0-baf8-11511a3e768f
BP,C,major,scratch,,1,,20,,,af3006b1-c5dd-451a-a755-45502bbd7f6f
BP,C,minor,dent,,0.8,,20,,,beb66302-05f9-4efc-a192-a105d48db517
BP,C,minor,nick,,0.8,,20,,,005628eb-eb94-4b10-b4ce-eb00b7de18d6
BP,C,minor,scratch,,0.8,,20,,,ac6ee895-6d5e-4672-93b9-02525169a5a9
BP,C,damaged,crack,,,,,,,e79b814f-7bbd-48c8-8c32-9096a4d6650d
BP,C,damaged,missingpart,,,,,,,4bf3ad6a-cb99-4494-8b4f-fdda3ec6e9bc
BP,C,discoloration,discoloration,,,,,,,e3c11a6c-56d6-4b63-acfb-18fba990772d
BP,D,major,dent,,1,,20,,,6443cb01-621d-47e4-8c82-729d0185ad32
BP,D,major,nick,,1,,20,,,dd5d249a-de8c-4f2d-a620-f5600aff3ba0
BP,D,major,pindot,,,,,,,8c534d9c-bc5f-49ac-968d-68aac9915328
BP,D,major,scratch,,1,,20,,,4379d764-4811-4efe-9721-294905a7762d
BP,D,minor,dent,,0.8,,20,,,49ac8e37-3150-45d7-9bdd-4c13f2e14c08
BP,D,minor,nick,,0.8,,20,,,3cbe1a44-8880-47c4-9580-63414a059296
BP,D,minor,scratch,,0.8,,20,,,f8374cb5-457b-4246-a2b5-0d59d32112ee
BP,D,damaged,crack,,,,,,,27fbb08c-17bc-4ce7-977e-b2db761685f8
BP,D,damaged,missingpart,,,,,,,5eed58c5-fc5b-4cd2-9b51-88aa60ca8e26
BP,D,discoloration,discoloration,,,,,,,f25a8457-0e13-4b84-a0ec-ff08838ff104
BP,AA,major,dent,0.9,,1,,16,800,7077b734-87e0-4fb4-9340-d41efa6809b2
BP,AA,major,nick,0.8,,1,,16,800,a76153d5-9895-4b59-b529-715392d96ae3
BP,AA,major,scratch,0.3,,1,,99,630,ef76b768-e13b-4985-b014-5679bbf73c8d
BP,AA,minor,dent,,,,,,,5770661d-715c-4a65-ab89-5fa7b813eddf
BP,AA,minor,nick,,,,,,,3ea5c2a2-0366-45a4-90d2-37d7e2faf31b
BP,AA,minor,pindot,,,,,,,6219b775-3456-497f-95b1-0446398de5ea
BP,AA,minor,scratch,,,,,,,64801047-3bc1-4079-9882-fe02401ad2cc
BP,AA,minor,grouppindot,,,,,,,620f7bdb-8682-4973-977c-ab9967574faa
BP,AA,minor,discoloration,,,,,,,93fa0bc9-a8c6-4714-b02f-9733f1686dfb
BP,AA,minor,differentscreen,,,,,,,18770358-0269-4a00-93da-5e007b6862ea
BP,AA,damaged,crack,,,,,,,1e734cdf-b4c7-419b-84b2-b3c414311cca
BP,AA,damaged,missingpart,,,,,,,d0e13575-79ac-44dd-94a9-1c54bf36f113
BP,AA,deep scratch,dent,0.15,,1.6,,21,500,035c7edc-1b85-4a0f-b36b-94f622c19531
BP,AA,deep scratch,nick,0.15,,1.6,,21,500,d6d1d721-0e49-43df-b948-760590f6289e
BP,AA,deep scratch,scratch,0.4,,1.6,,21.5,700,825d2a36-e821-4795-aacf-7882753defe4
CPO,A,major,dent,0.8,,1,,16,800,4fa7a9d5-b5cd-44e7-adee-6ff43a0692d7
CPO,A,major,nick,0.8,,1,,16,800,4207d1e0-73e9-42a6-8c8c-8febd15376fe
CPO,A,major,scratch,0.3,,1,,14,600,06ba12e9-2397-4ed5-9b52-6f6a015ba054
CPO,A,minor,dent,,,,,7,200,953fb2ed-464a-4851-afea-7b89c7f04072
CPO,A,minor,nick,,,,,7,200,ac0395df-57f2-47f5-be77-0aec3ea19c65
CPO,A,minor,pindot,,,,,,,9202e161-c6be-4a63-8847-b28ea364e6f5
CPO,A,minor,scratch,,,,,7,200,ec8fd79b-9a0a-4f24-bc54-b302bf115d59
CPO,A,minor,grouppindot,,,,,,,e95ef817-da92-41a6-89d5-206e83620c97
CPO,A,minor,discoloration,,,,,,,264839b9-2abd-4b53-bc69-4ac3f3df990c
CPO,A,minor,differentscreen,,,,,,,9ca3f9da-a8ca-4dc5-9bc9-c6d8be6cba6e
CPO,A,damaged,crack,,,,,,,eeef9ca3-7637-4e89-8cc7-c0d1317c2c87
CPO,A,damaged,missingpart,,,,,,,3948ce01-448e-4f90-925a-4978660709ec
CPO,A,deep scratch,dent,0.0375,,2,,18,600,8a6ca67f-f3d5-4bf0-acaa-fca20e0588c5
CPO,A,deep scratch,nick,0.0375,,2,,18,600,040908bb-0ba8-4ec5-9152-b591ea3e6fa9
CPO,A,deep scratch,scratch,0.0375,,2,,18,600,56dab766-7bf2-4bb7-a33e-0e87e20833e9
CPO,B,major,dent,0.8,,1.6,,16,800,757c4e08-8303-4dd7-94cf-3a073df7a44d
CPO,B,major,nick,0.8,,1.6,,16,800,749b69c8-2c43-475c-806a-4d37b4e0e220
CPO,B,major,scratch,0.8,,1.6,,16,800,11ed63b5-514c-41f1-b623-201d4b77de7f
CPO,B,minor,dent,,,1.6,,7,200,266d3f17-80c8-4db4-b96d-1669df80d7a5
CPO,B,minor,nick,,,1.6,,7,200,63ed96ab-2add-4945-ab84-ae9668e52916
CPO,B,minor,pindot,,,,,,,0503a0aa-3222-403f-8a6f-04efc06cd7aa
CPO,B,minor,scratch,,,1.6,,7,200,2e70a8c6-1515-459b-bc42-c3c3fbd9d018
CPO,B,minor,grouppindot,,,,,,,de2291d4-1105-4227-a448-8568936c4b7a
CPO,B,minor,differentscreen,,,,,,,c60f33d9-5fe4-4d1f-a6be-6d8269e1f98a
CPO,B,damaged,crack,,,,,,,429c2b18-bb13-4a1a-9d46-b18e5c7b6bfa
CPO,B,damaged,missingpart,,,,,,,5b5df43a-7e24-4e3d-9d17-cc957de4e4be
CPO,B,deep scratch,dent,0.0375,,2,,22,600,9ce93573-f40c-4f78-8686-024ced5153b0
CPO,B,deep scratch,nick,0.0375,,2,,22,600,bbf58aa4-8b6a-410c-86d2-f6bed83156c8
CPO,B,deep scratch,scratch,0.0375,,2,,28,600,37bdc027-f592-4770-a1b4-ea1a4480b158
CPO,B,discoloration,discoloration,,,,,,,70cbe24f-8ca1-4ac6-9933-1f30691553d5
CPO,C,major,dent,,1,,20,,,66bf0280-443d-4727-abbd-003fc22815fd
CPO,C,major,nick,,1,,20,,,ff08954f-4af9-4029-87f4-e8890dd65627
CPO,C,major,pindot,,,,,,,f55c24a2-c1a4-429e-bf8a-845c41a96a13
CPO,C,major,scratch,,1,,20,,,1c90e075-7e90-4814-8566-5d43a44ed909
CPO,C,minor,dent,,0.8,,20,,,cdb55d7c-b580-4fb8-ac4f-ed3d8d272279
CPO,C,minor,nick,,0.8,,20,,,05da5f2e-88de-45ec-8e14-87949e09d95a
CPO,C,minor,scratch,,0.8,,20,,,dd747391-d7f2-4bfc-ba8c-709958f8b8b0
CPO,C,damaged,crack,,,,,,,603b5c51-0f63-4ba4-b05a-9d4f4f73bcbe
CPO,C,damaged,missingpart,,,,,,,e0aae3c5-eef9-401d-be8f-56f2be9a9a7b
CPO,C,discoloration,discoloration,,,,,,,2d0d08ea-34da-4b3a-82ee-60c6ddf6cfdb
CPO,D,major,dent,,1,,20,,,1a0b5331-cfca-4404-9555-55ef34734096
CPO,D,major,nick,,1,,20,,,433b50af-9588-4238-868e-b73dc817e8d7
CPO,D,major,pindot,,,,,,,47f96afe-963a-4143-929e-22832a3f8ed9
CPO,D,major,scratch,,1,,20,,,1f613346-47e3-425d-8f59-498f80ff0415
CPO,D,minor,dent,,0.8,,20,,,4ee2ab6d-e96f-4a4a-9439-70b187fae8f6
CPO,D,minor,nick,,0.8,,20,,,cca92f69-0f0c-4108-9b63-91b63ae48c4a
CPO,D,minor,scratch,,0.8,,20,,,66a7e0a7-6a5d-4961-a713-ad52ee100c63
CPO,D,damaged,crack,,,,,,,9a085b09-0b0c-47de-b07b-a60b6b8d2eb4
CPO,D,damaged,missingpart,,,,,,,72afc44f-9421-4d63-a5af-23b6c9e29d90
CPO,D,discoloration,discoloration,,,,,,,981c5a5f-11a9-48af-8ede-d760751c9174
CPO,AA,major,dent,0.8,,1.6,,16,800,31dd5fd5-5f37-4790-a96c-c2c25be5ff87
CPO,AA,major,nick,0.8,,1.6,,16,800,7cb9f3f3-a9f3-41e6-80c4-5a5fc0d5116f
CPO,AA,major,scratch,0.3,,1.6,,15.5,800,9f330e04-d721-4a38-bc43-93d1f2f6a8b3
CPO,AA,minor,dent,,,1.6,,7,200,48437627-ea6a-482c-bcc9-3448b9b6c645
CPO,AA,minor,nick,,,1.6,,7,200,0da23ed0-bf53-4f3c-af07-90df64cdc496
CPO,AA,minor,pindot,,,,,,,42fb9f68-3e82-4e90-9c52-e0cfe7bc046a
CPO,AA,minor,scratch,,,1.6,,7,200,c8426ba1-e191-42d8-9472-81cf1f73ed9b
CPO,AA,minor,grouppindot,,,,,,,d1ce0f40-8d2c-4070-b62b-7b7dfdae2e80
CPO,AA,minor,discoloration,,,,,,,e1ae8577-8553-4468-b9fb-da4f18203d09
CPO,AA,minor,differentscreen,,,,,,,aad3e1f4-a654-42b8-a90f-798602fb5ceb
CPO,AA,damaged,crack,,,,,,,19fe6366-8264-4fc8-8430-c4b3e0b257a7
CPO,AA,damaged,missingpart,,,,,,,d6245c24-1db1-42a1-af88-288c8a05a71f
CPO,AA,deep scratch,dent,0.15,,1.6,,21,500,91ec32be-038e-4db6-ab7d-2bc0c33142d6
CPO,AA,deep scratch,nick,0.15,,1.6,,21,500,5a2f781b-1747-40e6-aad2-b30512f4f083
CPO,AA,deep scratch,scratch,0.15,,1.6,,21.5,500,eb51f30b-6255-4619-87da-99168a02265d
NEW,A,damaged,crack,,,,,,,509b2403-d05b-4106-9ca1-2973d48f9376
NEW,A,damaged,missingpart,,,,,,,1f47c496-b9c0-4e8c-83e2-fcf71b9ddf9f
NEW,A,level 1,dent,,0.8,,0.8,,,d3ba523b-0a11-4fce-b4c0-c18d37f30886
NEW,A,level 1,nick,,0.8,,0.8,,,d859a06b-626a-48d4-8af5-643856450118
NEW,A,level 1,pindot,,,,0.8,,,af815750-360b-438b-8fe3-419e21144c05
NEW,A,level 1,scratch,,0.1,,5,,,f9fa5442-074e-4762-9b3a-5889be4936e7
NEW,A,level 2,dent,,1,,1,,,ccb1bc1d-b0ac-4be9-92bf-c354a7b56320
NEW,A,level 2,nick,,1,,1,,,8fd6e84b-bdac-4f35-9e1e-a8676274eb38
NEW,A,level 2,pindot,,,,1,,,a3a01e66-e581-480f-995d-d89b6ccda27e
NEW,A,level 2,scratch,,0.2,,10,,,867c5f24-4afe-48ca-b783-6727f5de6e95
NEW,A,deep scratch,dent,0.36,,,,18,250,6dae6755-04d8-435b-9e9a-e99c0a417dc4
NEW,A,deep scratch,nick,0.36,,,,18,250,aaac7f43-fd06-44a3-ad7e-f762669f383e
NEW,A,deep scratch,scratch,0.0375,,1.6,,17,500,e292bd6d-05c0-431c-a760-15f27703d63e
NEW,A,discoloration,discoloration,,,,,,,87a1912a-d4f0-4bca-bc8c-f4419cb7dfc5
NEW,A,light scratch,dent,,,,,,,b3022e8e-73be-4274-b795-f64b24bc7984
NEW,A,light scratch,nick,,,,,,,64799dec-8f0a-400d-af90-05ed03f48643
NEW,A,light scratch,pindot,,,,,,,d493357c-9e75-40ec-88bd-0fd394a04c56
NEW,A,light scratch,scratch,,,,,,,673a404e-9929-4671-84e3-e66dffb6aabf
NEW,A,light scratch,grouppindot,,,,,,,ee2c5261-2dd1-423e-842d-ae262f573c94
NEW,B,damaged,crack,,,,,,,fcedb653-013f-45e8-b460-a2428ef9a61a
NEW,B,damaged,missingpart,,,,,,,437845eb-bc76-467e-aacc-bd9b3f26041c
NEW,B,level 1,dent,,0.8,,0.8,,,8d841ff4-865a-4571-8a35-70d60fd202ab
NEW,B,level 1,nick,,0.8,,0.8,,,1dfb547f-8052-4de8-8aa8-aa387917f7d3
NEW,B,level 1,pindot,,,,0.8,,,20e653a2-ec25-47e4-b64a-e67c2ab25f24
NEW,B,level 1,scratch,,0.1,,5,,,820e4925-fc14-4929-acf3-33a1cf6f3439
NEW,B,level 2,dent,,1,,1,,,5b96f197-aaa1-42e2-8ae4-ebd4dca00e02
NEW,B,level 2,nick,,1,,1,,,5bdec882-f1de-4ebd-a1ec-5b079ccffed9
NEW,B,level 2,pindot,,,,1,,,03247b0f-07ca-40ad-9460-eefcadcbf1c0
NEW,B,level 2,scratch,,0.2,,10,,,51f9bfe5-64ee-422f-914f-129a97652791
NEW,B,deep scratch,dent,0.36,,,,18,250,a0f58e75-669f-42e6-a869-400dd7c97ce8
NEW,B,deep scratch,nick,0.36,,,,18,250,06dbb1f5-2bd9-42a0-aae3-c883f895bb84
NEW,B,deep scratch,scratch,0.0375,,1.6,,17,500,8c0937e1-2e09-4b49-b4a2-37402c5622d5
NEW,B,discoloration,discoloration,,,,,,,5abaa48c-ad3a-422b-8237-95c1555d2291
NEW,B,light scratch,dent,,,,,,,a201f5da-68a0-4071-b719-a5c3a6422258
NEW,B,light scratch,nick,,,,,,,409636c1-f262-4f35-821d-d686d1a8a98f
NEW,B,light scratch,pindot,,,,,,,dd43023c-790e-49d2-9de0-13df6ec4271f
NEW,B,light scratch,scratch,,,,,,,bfebded1-8085-443e-af0e-0d33e0e53e5e
NEW,B,light scratch,grouppindot,,,,,,,8b94b0ab-c20d-4464-9450-18b599a93d58
NEW,AA,damaged,crack,,,,,,,af73cfd0-1aa4-4ba8-a832-6a3b431c75ab
NEW,AA,damaged,missingpart,,,,,,,ff899d57-e206-49ef-97ac-1175428ffd9c
NEW,AA,level 1,dent,,0.8,,0.8,,,f0a15662-b8bc-418c-ae70-5d7f39f5710f
NEW,AA,level 1,nick,,0.8,,0.8,,,edcda67a-a392-489e-b461-5c8d8cdeedb5
NEW,AA,level 1,pindot,,,,0.8,,,861f5f24-d096-402c-b107-d2dfc2e0042c
NEW,AA,level 1,scratch,,0.1,,5,,,0a11a597-d61d-49b4-ab2e-e70270ecdc84
NEW,AA,level 2,dent,,1,,1,,,289e4e2e-f9e2-41c1-8358-dd57ef09f905
NEW,AA,level 2,nick,,1,,1,,,41edb711-6667-41f4-8919-538537df2dcc
NEW,AA,level 2,pindot,,,,1,,,d6bc2070-bccd-4911-afca-4dae3809b566
NEW,AA,level 2,scratch,,0.2,,10,,,8ea96d25-5cae-47f3-9bf1-6ce3075c81c3
NEW,AA,deep scratch,dent,0.36,,,,18,250,09803c0c-f4c0-4397-b9d2-b59154bc6bac
NEW,AA,deep scratch,nick,0.36,,,,18,250,f7ae1acc-1691-4ce8-8430-62401130abf0
NEW,AA,deep scratch,scratch,0.0375,,1.6,,17,500,73a47b6c-0fd6-4d85-a8c9-950485a223c4
NEW,AA,discoloration,discoloration,,,,,,,9b648737-2835-43a1-bb1b-8bf4386f1667
NEW,AA,light scratch,dent,,,,,,,05bb1084-3698-486c-bc67-1b2f182248c5
NEW,AA,light scratch,nick,,,,,,,b34b69c9-c3f7-45b8-9f21-84fbd4679fca
NEW,AA,light scratch,pindot,,,,,,,ae7cf6f9-bc7e-4452-a2b7-f3543d58d762
NEW,AA,light scratch,scratch,,,,,,,e8736e65-43bc-4942-b678-407925043d47
NEW,AA,light scratch,grouppindot,,,,,,,0ee66490-d424-48b0-9928-52fe0a759792
